country_code,year,who_region,who_region_code,mmr,inst_birth,sba,anc4,csection,abr_15_19,anaemia,mmr_w,lmmr,lmmr_raw,inst_l1,sba_l1,anc4_l1,abr_l1,an_l1,inst_lead1,inst10,sba10,anc410,abr1,an10,inst10_lead1,an10_c,mmr_plus10,mmr_reduction10,mmr_red10_lwr,mmr_red10_upr,pct_red10,mmr_plus20,mmr_reduction20,pct_red20,rank_priority_10pp
CAF,2019,Africa,AFR,1650.18956,58.3,40,41.4,NA,NA,42.7,1201.8579138399996,7.092455599140473,7.409251252592837,NA,NA,NA,184.3630524,42.7,NA,NA,NA,NA,184.3630524,4.2700000000000005,NA,1.623162976919454,1535.928692709557,114.260867290443,64.45595577109407,162.50248601455587,6.919912168681774,1429.574577078788,220.614982921212,13.360972493140766,1
NGA,2021,Africa,AFR,1046.141459,49,NA,60.4,NA,NA,38.4,1046.141459,6.953819310626676,6.953819310626676,NA,NA,NA,74.62902832,38.9,NA,NA,NA,NA,74.62902832,3.8899999999999997,NA,1.2431629769194532,973.6801897553477,72.46126924465227,40.87629016221604,103.05484870944088,6.919912168681719,906.2331766987377,139.90828230126226,13.36097249314071,2
TCD,2019,Africa,AFR,957.776542,27.2,47,NA,NA,NA,46.2,957.776542,6.865658036261766,6.865658036261766,NA,NA,NA,138.4503479,46.3,NA,NA,NA,NA,138.4503479,4.63,NA,1.9831629769194534,891.4300473996755,66.34649460032449,37.42687083457258,94.3583797898034,6.919912168681797,829.6746719526936,128.1018700473063,13.360972493140777,3
SSD,2010,Africa,AFR,776.1832753,11.5,19,17,NA,NA,29.5,776.1832753,6.65567619810036,6.65567619810036,NA,NA,NA,NA,29.8,NA,NA,NA,NA,NA,2.98,NA,0.3331629769194535,722.4028752595558,53.78040004044419,30.33818286664234,76.48680526128317,6.919912168681764,672.3440316658766,103.83924363412336,13.360972493140755,4
LBR,2020,Africa,AFR,664.1135094,79.8,84,87.3,NA,124.1545792,40.7,664.1135094,6.4999577169169,6.4999577169169,NA,NA,NA,NA,40.4,NA,NA,NA,NA,NA,4.04,NA,1.3931629769194536,618.0882387274831,46.025270672516854,25.963419333055413,65.45741408355593,6.919912168681752,575.247876360903,88.86563303909702,13.360972493140732,5
SOM,2019,Eastern Mediterranean,EMR,655.7733554,20.7,32,24.4,NA,NA,44.5,655.7733554,6.487338990019363,6.487338990019363,NA,NA,NA,NA,44.3,NA,NA,NA,NA,NA,4.43,NA,1.7831629769194532,610.3252160590158,45.4481393409842,25.637852474851798,64.63661446637332,6.919912168681774,568.0220480427283,87.75130735727168,13.360972493140777,6
AFG,2020,Eastern Mediterranean,EMR,633.6187131,62.5,62,27.6,NA,NA,43.1,633.6187131,6.453024366738284,6.453024366738284,NA,NA,NA,NA,42.4,NA,NA,NA,NA,NA,4.24,NA,1.5931629769194537,589.7036555474616,43.91505755253843,24.77302224650805,62.456256415591156,6.919912168681752,548.8274814063853,84.79123169361469,13.360972493140732,7
GNB,2019,Africa,AFR,597.5212748,50.4,54,80.7,NA,NA,45,597.5212748,6.394462071233421,6.394462071233421,NA,NA,NA,NA,45,NA,NA,NA,NA,NA,4.5,NA,1.8531629769194535,556.1041282729656,41.41714652703445,23.36392001931472,58.90371247720361,6.919912168681764,517.5530119083767,79.96826289162334,13.360972493140743,8
GIN,2018,Africa,AFR,560.3764259,52.6,55,35.3,NA,NA,45,560.3764259,6.330391671418036,6.330391671418036,NA,NA,NA,NA,45,NA,NA,NA,NA,NA,4.5,NA,1.8531629769194535,521.5296702920351,38.84675560796484,21.913930995751343,55.248087202486886,6.919912168681764,485.37107605252436,75.0053498474756,13.360972493140743,9
BEN,2022,Africa,AFR,547.0724406,90.6,81,52.6,NA,NA,49.5,547.0724406,6.3064074690874845,6.3064074690874845,NA,NA,NA,NA,49.2,NA,NA,NA,NA,NA,4.92,NA,2.2731629769194535,509.1463090897297,37.92613151027035,21.3945956578533,53.93877012737647,6.91991216868173,473.84463256894907,73.22780803105098,13.36097249314071,10
COD,2018,Africa,AFR,508.1336799,81.5,85,42.9,NA,NA,40,508.1336799,6.23271061448517,6.23271061448517,NA,NA,NA,NA,40.3,NA,NA,NA,NA,NA,4.029999999999999,NA,1.383162976919453,472.90207642974286,35.23160347025714,19.87457936277667,50.106596299874866,6.919912168681719,440.10846897524596,68.02521092475405,13.36097249314071,11
ERI,2010,Africa,AFR,498.1755497,33.6,34,57.4,2.8,NA,31.8,498.1755497,6.2129578368893625,6.2129578368893625,NA,NA,NA,NA,32.1,NA,NA,NA,NA,NA,3.21,NA,0.5631629769194535,463.6330400932254,34.54250960677456,19.485853067939047,49.12656290288845,6.919912168681797,431.4808418120987,66.6947078879013,13.360972493140789,12
LSO,2018,Africa,AFR,491.1342941,89.4,87,76.6,NA,NA,27.1,491.1342941,6.198751634734541,6.198751634734541,NA,NA,NA,90.77050018,26.1,NA,NA,NA,NA,90.77050018,2.6100000000000003,NA,-0.03683702308054615,457.0790331963179,34.0552609036821,19.210990102158974,48.43359489522692,6.919912168681785,425.3803664359865,65.75392766401347,13.360972493140766,13
BDI,2017,Africa,AFR,481.7360508,83.9,79,49.3,NA,NA,31.6,481.7360508,6.179470025603731,6.179470025603731,NA,78,NA,NA,30.5,NA,NA,7.8,NA,NA,3.05,NA,0.40316297691945335,448.33114007807694,33.404910721923045,18.844119593075334,47.508662993150836,6.919912168681774,417.23781983813797,64.49823096186202,13.360972493140766,14
MDG,2021,Africa,AFR,466.7404833,38.5,46,59.9,NA,NA,35.7,466.7404833,6.147913619249734,6.147913619249734,NA,NA,NA,NA,35.3,NA,NA,NA,NA,NA,3.53,NA,0.8831629769194533,434.37325267827225,32.36723062172774,18.258751529373228,46.032868174081386,6.919912168681797,404.2458059870032,62.49467731299677,13.360972493140789,15
SLE,2019,Africa,AFR,463.5671591,83.4,87,78.8,NA,NA,44,463.5671591,6.141106131441007,6.141106131441007,NA,NA,NA,101.9383545,44,NA,NA,NA,NA,101.9383545,4.4,NA,1.7531629769194539,431.41951972574,32.14763937426005,18.134877415075437,45.72056419401599,6.919912168681764,401.4964687604836,62.07069033951643,13.360972493140755,16
CIV,2021,Africa,AFR,458.9859204,80.9,84,56.3,NA,NA,50.3,458.9859204,6.131195881188624,6.131195881188624,NA,NA,NA,95.98812866,50,NA,NA,NA,NA,95.98812866,5,NA,2.3531629769194535,427.1552987200174,31.830621679982585,17.956043847944727,45.26969974101206,6.919912168681797,397.52732810303553,61.45859229696447,13.360972493140789,17
TGO,2017,Africa,AFR,443.3930567,80,69,54.8,NA,NA,40.8,443.3930567,6.09670943365602,6.09670943365602,NA,NA,NA,78.96651459,40.9,NA,NA,NA,NA,78.96651459,4.09,NA,1.4431629769194534,412.6414474926397,30.751609207360275,17.347359686332197,43.7351217756958,6.919912168681797,384.0178226328855,59.37523406711449,13.360972493140777,18
MLI,2018,Africa,AFR,434.2751569,66.8,67,43.3,NA,NA,54,434.2751569,6.075978375714374,6.075978375714374,NA,NA,NA,163.5691833,53.7,NA,NA,NA,NA,163.5691833,5.37,NA,2.7231629769194536,404.1544983504283,30.120658549571715,16.99143268650647,42.83777999215653,6.919912168681764,376.1181629171158,58.15699398288422,13.360972493140743,19
MRT,2021,Africa,AFR,425.3389148,70,70,38.5,NA,NA,53.4,425.3389148,6.055234604615498,6.055234604615498,NA,NA,NA,NA,53.1,NA,NA,NA,NA,NA,5.3100000000000005,NA,2.663162976919454,395.83663635492906,29.502278445070942,16.64259688987181,41.958316124375074,6.919912168681752,368.37588966601726,56.96302513398274,13.360972493140743,20
NAM,2013,Africa,AFR,401.5578372,87.4,88,62.5,14.4,NA,18.9,401.5578372,5.997838781442326,5.997838781442326,NA,NA,NA,82,18.9,NA,NA,NA,NA,82,1.89,NA,-0.7568370230805466,373.7011884376149,27.856648762385078,15.714277014851405,39.6178917880531,6.919912168681797,347.77219530272555,53.785641897274445,13.360972493140777,21
GMB,2020,Africa,AFR,400.1448083,83.7,84,78.5,NA,NA,47.4,400.1448083,5.994322480074286,5.994322480074286,NA,NA,NA,NA,48.1,NA,NA,NA,NA,NA,4.8100000000000005,NA,2.163162976919454,372.3859398964131,27.758868403586916,15.659117915927709,39.47882797937626,6.919912168681785,346.54796080537477,53.59684749462525,13.360972493140766,22
NER,2021,Africa,AFR,396.3054456,44.6,44,37.3,NA,NA,45.9,396.3054456,5.984705369245623,5.984705369245623,NA,NA,NA,150.3286438,45.5,NA,NA,NA,NA,150.3286438,4.55,NA,1.9031629769194534,368.8122577230904,27.493187876909587,15.509244274296464,39.10097555190458,6.91991216868173,343.2215742996338,53.083871300366184,13.360972493140721,23
KEN,2022,Africa,AFR,388.4453994,88.1,89,66,NA,46.09251022,31.3,388.4453994,5.964723674226469,5.964723674226469,NA,NA,NA,51.33354568,30.5,NA,NA,NA,NA,51.33354568,3.05,NA,0.40316297691945335,361.496119816548,26.949279583451982,15.20241893909656,38.32742593735344,6.919912168681785,336.4117067103638,52.03369268963621,13.360972493140766,24
ZWE,2019,Africa,AFR,387.6004298,85.5,86,71.5,NA,NA,25.1,387.6004298,5.962551642964344,5.962551642964344,NA,NA,NA,NA,24.7,NA,NA,NA,NA,NA,2.4699999999999998,NA,-0.17683702308054672,360.70962137072024,26.89080842927973,15.169434644327964,38.24426791362748,6.919912168681741,335.67963326619537,51.920796533804605,13.360972493140721,25
HTI,2021,Americas,AMR,384.6512029,67.3,NA,NA,NA,NA,44.6,384.6512029,5.954933341524631,5.954933341524631,67.2,NA,NA,NA,44,NA,6.720000000000001,NA,NA,NA,4.4,NA,1.7531629769194539,357.9644783818552,26.686724518144786,15.054308408534041,37.954018559658266,6.919912168681785,333.1244517610645,51.52675113893548,13.360972493140766,26
BFA,2021,Africa,AFR,354.0519257,94.2,96,72.1,NA,NA,43.6,354.0519257,5.872264048356529,5.872264048356529,NA,NA,NA,92.94425964,43.7,NA,NA,NA,NA,92.94425964,4.37,NA,1.7231629769194536,329.48264428834676,24.569281411653265,13.859832797974434,34.942578361811684,6.919912168681774,306.61353557085647,47.438390129143556,13.360972493140755,27
CMR,2019,Africa,AFR,335.9672335,67,NA,64.9,NA,NA,37.6,335.9672335,5.819985695654895,5.819985695654895,NA,69,NA,NA,37.4,NA,NA,6.9,NA,NA,3.7399999999999998,NA,1.0931629769194533,312.6493969045632,23.317836595436802,13.153877437781148,33.16276609040381,6.919912168681764,290.94513412116765,45.022099378832365,13.360972493140755,28
SDN,2014,Eastern Mediterranean,EMR,308.8127644,27.7,78,50.7,9.1,NA,32,308.8127644,5.7359681291998355,5.7359681291998355,NA,NA,NA,86.81720734,32.1,NA,NA,NA,NA,86.81720734,3.21,NA,0.5631629769194535,287.37399321615504,21.43877118384495,12.09387360678727,30.490348070055234,6.919912168681764,267.41876616827705,41.39399823172295,13.360972493140743,29
NRU,2007,Western Pacific,WPR,302.6688646,98.7,97,40.2,7.5,NA,19.3,302.6688646,5.715937846545896,5.715937846545896,NA,NA,NA,NA,19.4,NA,NA,NA,NA,NA,1.94,NA,-0.7068370230805465,281.65524588604677,21.013618713953235,11.854039887289503,29.885693695106227,6.919912168681797,262.0957511305611,40.57311346943891,13.360972493140777,30
TLS,2016,South-East Asia,SEAR,286.6940783,48.5,69,76.7,NA,NA,27.8,286.6940783,5.661897687446818,5.661897687446818,NA,NA,NA,41.90469742,27.8,NA,NA,NA,NA,41.90469742,2.7800000000000002,NA,0.13316297691945378,266.7859007671414,19.908177532858588,11.23044696728249,28.31352866318747,6.919912168681774,248.25535163394215,38.438726666057846,13.360972493140766,31
SEN,2019,Africa,AFR,286.2699968,80.3,75,55.5,NA,67.42005157,44.3,286.2699968,5.66042252892729,5.66042252892729,81.7,74,58.5,69.21585083,44.9,NA,8.17,7.4,5.85,69.21585083,4.49,NA,1.8431629769194537,266.3911653344652,19.8788314655348,11.213892491000763,28.271792511450542,6.91991216868173,247.88793154650577,38.38206525349423,13.360972493140721,32
COG,2015,Africa,AFR,284.0717281,91.5,94,79,4.9,NA,49.3,284.0717281,5.6527408261470296,5.6527408261470296,NA,NA,NA,NA,49.7,NA,NA,NA,NA,NA,4.970000000000001,NA,2.323162976919454,264.3450148977366,19.726713202263397,11.128080714126497,28.05544901138768,6.919912168681797,245.9833729228379,38.08835517716207,13.360972493140777,33
UGA,2016,Africa,AFR,272.4576777,73.4,74,59.9,NA,113.520462,24.7,272.4576777,5.611146866560812,5.611146866560812,NA,NA,NA,131.5472107,24.5,NA,NA,NA,NA,131.5472107,2.45,NA,-0.1968370230805463,253.53464658464307,18.923031115356906,10.674713797910215,26.912447560543683,6.919912168681785,235.92107260212146,36.53660509787852,13.360972493140766,34
ETH,2019,Africa,AFR,268.7950338,47.5,50,43,NA,NA,20.2,268.7950338,5.597662536636121,5.597662536636121,NA,NA,NA,NA,19.8,NA,NA,NA,NA,NA,1.98,NA,-0.6668370230805465,250.12545442557482,18.669579374425183,10.531738564210286,26.55198698499558,6.91991216868173,232.7477935461223,36.0472402538777,13.360972493140721,35
MWI,2020,Africa,AFR,256.4492836,96.7,96,50.5,NA,NA,29.7,256.4492836,5.550822743812031,5.550822743812031,NA,NA,NA,NA,29.1,NA,NA,NA,NA,NA,2.91,NA,0.2631629769194537,238.63401929597956,17.815264304020445,10.049808961377778,25.33697500344323,6.919912168681774,222.05155563441605,34.397727965583954,13.360972493140766,36
GNQ,2011,Africa,AFR,253.7983761,67.3,68,66.9,6.6,NA,43.6,253.7983761,5.54047255044379,5.54047255044379,NA,NA,NA,176,44.2,NA,NA,NA,NA,176,4.42,NA,1.7731629769194535,236.16655226665262,17.631823833347397,9.946327943381647,25.076084873454136,6.919912168681752,219.75483515630972,34.04354094369029,13.360972493140743,37
RWA,2020,Africa,AFR,252.1236857,93.1,94,47.2,NA,NA,14.7,252.1236857,5.533878245551027,5.533878245551027,NA,NA,NA,NA,14.6,NA,NA,NA,NA,NA,1.46,NA,-1.1868370230805465,234.60774897142988,17.515936728570125,9.880954607110965,24.91126954279966,6.919912168681785,218.30389967999892,33.81978602000109,13.360972493140766,38
GAB,2021,Africa,AFR,249.4844045,95.1,95,77.8,NA,NA,59.5,249.4844045,5.5233966611018115,5.5233966611018115,NA,NA,NA,NA,59.4,NA,NA,NA,NA,NA,5.9399999999999995,NA,3.293162976919453,232.15110371235437,17.33330078764564,9.77792743420747,24.651523619811258,6.919912168681797,216.0172521151475,33.46715238485251,13.360972493140789,39
GHA,2022,Africa,AFR,239.0838812,86.2,NA,87.8,NA,NA,36,239.0838812,5.4809883672793465,5.4809883672793465,NA,NA,NA,63,36.1,NA,NA,NA,NA,63,3.6100000000000003,NA,0.9631629769194539,222.47028748979778,16.613593710202224,9.371931850138168,23.627951927592846,6.919912168681741,207.00633987240334,32.07754132759666,13.360972493140732,40
AGO,2016,Africa,AFR,235.6878204,45.6,50,61.4,3.7,NA,44.1,235.6878204,5.466742059344752,5.466742059344752,NA,NA,NA,NA,44.2,NA,NA,NA,NA,NA,4.42,NA,1.7731629769194535,219.30923111435283,16.378589285647166,9.239362973721143,23.293727235270467,6.91991216868173,204.06402582174167,31.623794578258327,13.360972493140732,41
DJI,2012,Eastern Mediterranean,EMR,221.4029471,86.7,87,25.7,11,NA,27.2,221.4029471,5.40449081363755,5.40449081363755,NA,NA,NA,20.98232651,26.9,NA,NA,NA,NA,20.98232651,2.69,NA,0.04316297691945348,206.01285850012033,15.390088599879675,8.681737620505771,21.88787567232032,6.919912168681719,191.68775051403472,29.715196585965288,13.36097249314071,42
MMR,2016,South-East Asia,SEAR,215.2362387,37.1,60,58.6,17.1,NA,34.6,215.2362387,5.376371507717764,5.376371507717764,NA,NA,NA,NA,34.9,NA,NA,NA,NA,NA,3.4899999999999998,NA,0.8431629769194533,200.27288090509887,14.963357794901128,8.441013542839386,21.28097657981013,6.919912168681797,186.34497432709077,28.891264372909234,13.360972493140777,43
TUV,2020,Western Pacific,WPR,206.0343323,98.5,100,60.3,NA,55.64191818,21.3,206.0343323,5.332884636034436,5.332884636034436,NA,NA,NA,53.55421829,20.8,NA,NA,NA,NA,53.55421829,2.08,NA,-0.5668370230805464,191.70773834582323,14.326593954176758,8.081807255265574,20.37536725287535,6.919912168681774,178.37253211003934,27.661800189960644,13.360972493140766,44
PNG,2018,Western Pacific,WPR,204.722368,54.7,56,49,NA,NA,26.2,204.722368,5.326527531631833,5.326527531631833,NA,NA,NA,NA,25.9,NA,NA,NA,NA,NA,2.59,NA,-0.05683702308054661,190.48656082306763,14.235807176932354,8.030593321419019,20.24624975753912,6.919912168681797,177.23585899928213,27.48650900071786,13.360972493140789,45
VEN,2017,Americas,AMR,194.8883135,95.4,99,83.8,NA,80.85736084,21.2,194.8883135,5.277544667734592,5.277544667734592,96.2,99,84.6,93.35148621,20.6,NA,9.620000000000001,9.9,8.459999999999999,93.35148621,2.06,NA,-0.5868370230805464,181.33301425708808,13.555299242911929,7.646710454631318,19.278427320572803,6.919912168681741,168.71572981598774,26.172583684012267,13.360972493140721,46
FSM,2006,Western Pacific,WPR,189.9091238,87.1,85,NA,10.5,43.79999924,17.8,189.9091238,5.251797523198843,5.251797523198843,83.3,83,NA,47.29999924,17.7,NA,8.33,8.3,NA,47.29999924,1.77,NA,-0.8768370230805465,176.69838011104005,13.210743688959951,7.452342443317718,18.788398359519874,6.919912168681774,164.40180828218598,25.50731551781402,13.360972493140755,47
COM,2022,Africa,AFR,186.1627008,95.1,97,64.3,NA,NA,29.3,186.1627008,5.2319782963277515,5.2319782963277515,NA,NA,NA,NA,28.6,NA,NA,NA,NA,NA,2.8600000000000003,NA,0.21316297691945385,173.2112062921074,12.951494507892619,7.3060968025762065,18.419692630080846,6.919912168681752,161.15594382869273,25.006756971307283,13.360972493140732,48
IDN,2020,South-East Asia,SEAR,184.4357347,80.4,NA,NA,NA,NA,26.9,184.4357347,5.222708378356251,5.222708378356251,85.9,95,NA,NA,27.2,NA,8.59,9.5,NA,NA,2.7199999999999998,NA,0.07316297691945328,171.60374472941032,12.831989970589689,7.238682828277689,18.249732565342356,6.919912168681741,159.65971719427958,24.776017505720432,13.360972493140732,49
MHL,2017,Western Pacific,WPR,179.1249852,92.1,92,67.8,NA,NA,22.3,179.1249852,5.193650972154519,5.193650972154519,NA,NA,NA,NA,22.3,NA,NA,NA,NA,NA,2.23,NA,-0.4168370230805465,166.66049443030894,12.464490769691054,7.031372024493777,17.72707301294642,6.919912168681774,155.05853547415413,24.06644972584587,13.360972493140766,50
PAK,2020,Eastern Mediterranean,EMR,177.9249689,70,68,NA,NA,NA,46.3,177.9249689,5.186966549808801,5.186966549808801,69,74,52.4,NA,46.5,NA,6.9,7.4,5.24,NA,4.65,NA,2.003162976919454,165.5435182042788,12.381450695721213,6.984528100918254,17.608972925148095,6.919912168681797,154.0188530219103,23.906115878089707,13.360972493140789,51
BWA,2021,Africa,AFR,165.4448813,99.8,100,NA,NA,NA,29.5,165.4448813,5.114664211370345,5.114664211370345,99.8,100,NA,NA,29,NA,9.98,10,NA,NA,2.9,NA,0.25316297691945344,153.92704170477336,11.517839595226633,6.497354493567542,16.3807400742333,6.919912168681774,143.2062264932662,22.23865480673379,13.360972493140766,52
BOL,2022,Americas,AMR,164.3272738,93.1,72,81.3,NA,NA,24.7,164.3272738,5.1079269869819495,5.1079269869819495,92.2,94,81.5,NA,24.6,NA,9.22,9.4,8.15,NA,2.46,NA,-0.1868370230805465,152.88677166216397,11.440502137836035,6.453727485903158,16.270750281699435,6.919912168681774,142.2379422239225,22.089331576077512,13.360972493140766,53
KHM,2022,Western Pacific,WPR,158.5692006,97.8,99,86.1,NA,NA,37.7,158.5692006,5.072477687696182,5.072477687696182,NA,NA,NA,NA,37.6,NA,NA,NA,NA,NA,3.7600000000000002,NA,1.1131629769194538,147.5271520702124,11.042048529787593,6.228954921627775,15.704067187086224,6.919912168681752,137.24920360030941,21.319996999690574,13.360972493140743,54
IND,2021,South-East Asia,SEAR,154.7977765,88.6,89,58.5,NA,NA,52.7,154.7977765,5.048558861832883,5.048558861832883,NA,NA,NA,11.30000019,52.3,NA,NA,NA,NA,11.30000019,5.2299999999999995,NA,2.583162976919453,144.01670720544084,10.78106929455916,6.081733336128195,15.33290096431449,6.919912168681797,133.98167843691004,20.816098063089953,13.360972493140777,55
LAO,2017,Western Pacific,WPR,153.6541652,64.5,64,62.2,NA,NA,29.2,153.6541652,5.041191431843075,5.041191431843075,NA,NA,56,83.35229492,29.5,NA,NA,NA,5.6,83.35229492,2.95,NA,0.3031629769194537,142.952232802952,10.701932397047983,6.037091242235476,15.220351997323547,6.919912168681752,132.99086472813156,20.66330047186844,13.360972493140743,56
DOM,2021,Americas,AMR,152.5416142,99.9,NA,NA,NA,NA,21.2,152.5416142,5.033971632565799,5.033971632565799,99.9,NA,NA,NA,20.8,NA,9.99,NA,NA,NA,2.08,NA,-0.5668370230805464,141.91666935498375,10.624944845016245,5.993661620472949,15.110859842274976,6.919912168681785,132.02696136121367,20.514652838786333,13.360972493140777,57
TZA,2022,Africa,AFR,151.6530178,81.2,85,65.1,NA,NA,38.2,151.6530178,5.028167488392615,5.028167488392615,NA,NA,NA,NA,37.8,NA,NA,NA,NA,NA,3.78,NA,1.1331629769194533,141.08956304539785,10.563454754602134,5.958974306766322,15.023408269444388,6.919912168681764,131.25709008179274,20.395927718207247,13.360972493140743,58
COL,2021,Americas,AMR,146.657784,97.26,98,81.6,NA,52.94421768,20.7,146.657784,4.994897326068861,4.994897326068861,97.26,98,80.2,53.89091492,20.1,NA,9.726,9.8,8.02,53.89091492,2.0100000000000002,NA,-0.6368370230805462,136.43999503697822,10.217788963021775,5.763979996797957,14.531800321823852,6.919912168681719,126.92926809577887,19.728515904221126,13.36097249314071,59
SLB,2015,Western Pacific,WPR,146.0190054,84.5,86,68.9,5.9,NA,29.8,146.0190054,4.990561866857081,4.990561866857081,NA,NA,NA,NA,29.6,NA,NA,NA,NA,NA,2.96,NA,0.3131629769194535,135.84541935505047,10.17358604494953,5.739044588903909,14.468934668462424,6.919912168681785,126.37583652881686,19.643168871183136,13.360972493140766,60
ZAF,2016,Africa,AFR,141.1707763,95.9,97,75.5,NA,NA,27.2,141.1707763,4.957028984997051,4.957028984997051,NA,NA,NA,71.09837341,26.9,NA,NA,NA,NA,71.09837341,2.69,NA,0.04316297691945348,131.33268345050695,9.838092849493052,5.5497887650978726,13.991794247638722,6.919912168681774,122.1753779852723,18.995398314727694,13.360972493140766,61
NPL,2022,South-East Asia,SEAR,138.7120663,79.4,80,80.5,NA,NA,32.8,138.7120663,4.939583635475007,4.939583635475007,NA,NA,NA,NA,32.6,NA,NA,NA,NA,NA,3.2600000000000002,NA,0.6131629769194538,129.04411402298953,9.667952277010471,5.453810382692211,13.749819312072503,6.919912168681785,120.0451755520584,18.666890747941608,13.360972493140777,62
YEM,2013,Eastern Mediterranean,EMR,134.8937847,29.8,45,25.1,4.8,NA,34.4,134.8937847,4.911873585747747,4.911873585747747,24.4,34,28.2,67.2254715,34.6,NA,2.44,3.4,2.82,67.2254715,3.46,NA,0.8131629769194535,125.49005415606246,9.403730543937542,5.304759664414206,13.374041589553698,6.919912168681797,116.73705350634503,18.156731193654963,13.360972493140789,63
BGD,2022,South-East Asia,SEAR,130.5189733,64.8,70,34.3,NA,69.71321106,36.9,130.5189733,4.879151124860124,4.879151124860124,NA,NA,NA,69.25035095,36.3,NA,NA,NA,NA,69.25035095,3.63,NA,0.9831629769194534,121.41797586248794,9.100997437512063,5.133984208381591,12.943492762473653,6.919912168681797,112.94675945412584,17.57221384587416,13.360972493140777,64
BRA,2021,Americas,AMR,127.9902622,98.9,98,92.36059743,NA,45.59410477,20.6,127.9902622,4.859736914690694,4.859736914690694,98.9,98,91.78002386,47.05467606,20.4,NA,9.89,9.8,9.178002386,47.05467606,2.04,NA,-0.6068370230805464,119.06424934960775,8.926012850392254,5.035273257944354,12.694628640438538,6.91991216868173,110.75590874862793,17.234353451372073,13.36097249314071,65
GTM,2021,Americas,AMR,125.2700841,71,NA,NA,NA,65.03688812,9.3,125.2700841,4.8384231374834705,4.8384231374834705,NA,NA,NA,64.76863861,9,NA,NA,NA,NA,64.76863861,0.9,NA,-1.7468370230805466,116.53230518495937,8.737778915040636,4.929088187768073,12.426921216433257,6.919912168681797,108.39917289633328,16.870911203666722,13.360972493140777,66
PLW,2022,Western Pacific,WPR,120.6520817,98.7,99,NA,NA,NA,25.4,120.6520817,4.801165181290271,4.801165181290271,100,100,NA,NA,24.9,NA,10,10,NA,NA,2.4899999999999998,NA,-0.1568370230805467,112.233864494987,8.418217205012994,4.748819510169824,11.97243864907665,6.919912168681774,104.39818052672986,16.253901173270137,13.360972493140766,67
WSM,2020,Western Pacific,WPR,113.5730553,88.6,89,69.8,NA,NA,20.4,113.5730553,4.7412126570894575,4.7412126570894575,NA,NA,NA,NA,20,NA,NA,NA,NA,NA,2,NA,-0.6468370230805465,105.6447005042648,7.9283547957351885,4.47248212069357,11.275753412911087,6.919912168681764,98.26498089681606,15.308074403183937,13.360972493140743,68
THA,2022,South-East Asia,SEAR,112.4770106,99.5,100,88.3,NA,18,20.6,112.4770106,4.731600266625745,4.731600266625745,NA,NA,NA,21.56916046,20.6,NA,NA,NA,NA,21.56916046,2.06,NA,-0.5868370230805464,104.62450113483433,7.852509465165667,4.429696840058455,11.167885732029404,6.919912168681741,97.3153784276956,15.161632172304394,13.360972493140732,69
SWZ,2022,Africa,AFR,111.5081495,92.7,93,73.6,NA,NA,27.3,111.5081495,4.723025659020824,4.723025659020824,NA,NA,NA,NA,26.5,NA,NA,NA,NA,NA,2.65,NA,0.003162976919453442,103.7226843719908,7.785465128009207,4.391876307684299,11.072534876399786,6.919912168681797,96.4759665927633,15.032182907236702,13.360972493140777,70
MOZ,2019,Africa,AFR,111.3932605,84.8,NA,51,NA,NA,45.7,111.3932605,4.722003975697508,4.722003975697508,87.1,NA,NA,NA,45.6,NA,8.709999999999999,NA,NA,NA,4.5600000000000005,NA,1.913162976919454,103.61574558988234,7.7775149101176595,4.387391492323246,11.06122802916191,6.91991216868173,96.376427880451,15.016832619548993,13.360972493140721,71
VUT,2013,Western Pacific,WPR,110.2855685,88.5,89,51.8,11.9,NA,26.2,110.2855685,4.71209958680174,4.71209958680174,NA,NA,NA,81,26,NA,NA,NA,NA,81,2.6,NA,-0.04683702308054638,102.58470490338182,7.700863596618177,4.344151546838162,10.952214074556721,6.919912168681764,95.416734303879693,14.868834196120304,13.360972493140743,72
BLZ,2022,Americas,AMR,109.6340546,92.1,NA,NA,NA,52.06435013,20.6,109.6340546,4.706227949470132,4.706227949470132,92.4,NA,NA,52.03996658,20,NA,9.24,NA,NA,52.03996658,2,NA,-0.6468370230805465,101.97827519302857,7.655779406971433,4.3187190028468905,10.888095071513149,6.919912168681774,94.85226899684767,14.78178560315233,13.360972493140755,73
GUY,2018,Americas,AMR,105.1236936,94.2,95,96,NA,64.88343048,37.2,105.1236936,4.664605334543964,4.664605334543964,NA,97,97.1,70.33971405,37.2,NA,NA,9.7,9.709999999999999,70.33971405,3.72,NA,1.0731629769194537,97.78002721271905,7.343666387280948,4.142652222768845,10.444206075919595,6.919912168681764,90.94453608939902,14.179157510600973,13.360972493140755,74
ZMB,2019,Africa,AFR,102.7551264,83.8,80,63.5,NA,NA,26.2,102.7551264,4.642033568974457,4.642033568974457,NA,NA,NA,NA,26.2,NA,NA,NA,NA,NA,2.62,NA,-0.026837023080546363,95.57536278261523,7.179763617384765,4.050192661260937,10.211102580344772,6.919912168681785,88.89243250147257,13.862693898527425,13.360972493140755,75
JAM,2016,Americas,AMR,102.1373436,97.6,100,NA,NA,41.45255661,18.6,102.1373436,4.63606153300706,4.63606153300706,99.4,100,NA,45.03468704,18.4,NA,9.940000000000001,10,NA,45.03468704,1.8399999999999999,NA,-0.8068370230805466,95.00033000976845,7.137013590231547,4.026076846942857,10.150303237102193,6.919912168681785,88.3571914914479,13.780152108552087,13.360972493140777,76
SUR,2018,Americas,AMR,101.1650287,92.9,98,67.5,NA,53.90756226,20,101.1650287,4.626589434279475,4.626589434279475,NA,NA,NA,57.72151947,19.8,NA,NA,NA,NA,57.72151947,1.98,NA,-0.6668370230805465,94.0952984468515,7.069730253148492,3.988121491780575,10.054612474353505,6.919912168681741,87.51478731778366,13.650241382216336,13.360972493140732,77
KNA,2022,Americas,AMR,99.28244045,100,NA,85,NA,NA,18.9,99.28244045,4.607990609352165,4.607990609352165,100,100,85.4,NA,18.4,NA,10,10,8.540000000000001,NA,1.8399999999999999,NA,-0.8068370230805466,92.3429836502494,6.939456799750602,3.9146326399147995,9.869336793003654,6.919912168681774,85.88373116602524,13.398709283974753,13.360972493140755,78
STP,2019,Africa,AFR,94.77671845,95.4,97,89,NA,NA,39.4,94.77671845,4.562019632999487,4.562019632999487,NA,NA,NA,86.06356049,39.5,NA,NA,NA,NA,86.06356049,3.95,NA,1.3031629769194537,88.14905365521436,6.627664794785645,3.738746948178232,9.425904346464748,6.919912168681785,81.98001744306262,12.796701006937383,13.360972493140777,79
ECU,2021,Americas,AMR,93.37070276,96.3,NA,NA,NA,51.74996567,19.5,93.37070276,4.547230672863626,4.547230672863626,95.8,96,NA,58.23102951,19.2,NA,9.58,9.6,NA,58.23102951,1.92,NA,-0.7268370230805465,86.8403330160403,6.530369743959696,3.683861617430253,9.287530745676776,6.919912168681719,80.76185912265282,12.608843637347178,13.36097249314071,80
PHL,2022,Western Pacific,WPR,92.2979749,88.4,90,83,NA,26.97403908,12.3,92.2979749,4.53579840236586,4.53579840236586,NA,NA,NA,24.67752266,12.7,NA,NA,NA,NA,24.67752266,1.27,NA,-1.3768370230805465,85.84183698176128,6.456137918238724,3.6419865346574625,9.181957801001033,6.91991216868173,79.83245813695366,12.465516763046338,13.360972493140721,81
KIR,2019,Western Pacific,WPR,89.14798668,86.1,92,67,NA,NA,25.3,89.14798668,4.501452616399386,4.501452616399386,NA,NA,NA,NA,25.2,NA,NA,NA,NA,NA,2.52,NA,-0.12683702308054645,82.90982517990905,6.238161500090953,3.5190233653725898,8.871950440812483,6.919912168681785,77.103338976565,12.044647703435004,13.360972493140766,82
SYC,2022,Africa,AFR,88.59012388,99.3,100,100,NA,46,25.1,88.59012388,4.4952450893521405,4.4952450893521405,NA,99,99.9,63,24.5,NA,NA,9.9,9.99,63,2.45,NA,-0.1968370230805463,82.39056599569079,6.1995578843092005,3.4972465925330454,8.817048148519092,6.919912168681774,76.62001207182246,11.970111808177535,13.360972493140766,83
MAR,2018,Eastern Mediterranean,EMR,83.13174525,86.1,87,60.9,NA,21.78554153,27.9,83.13174525,4.4323839660284055,4.4323839660284055,NA,NA,NA,NA,27.9,NA,NA,NA,NA,NA,2.79,NA,0.14316297691945357,77.30990237272091,5.821842877279082,3.2841729272918343,8.279859615796184,6.919912168681752,71.89092590914825,11.240819340851743,13.360972493140743,84
LBY,2011,Eastern Mediterranean,EMR,80.6248386,100,100,NA,NA,NA,28.6,80.6248386,4.402133610259265,4.402133610259265,NA,100,NA,NA,28.8,NA,NA,10,NA,NA,2.88,NA,0.23316297691945342,74.97647146105179,5.648367138948217,3.186313136950929,8.033141387495647,6.919912168681719,69.7189663670835,10.905872232916508,13.360972493140721,85
PER,2022,Americas,AMR,80.57386704,93.3,95,94.7,NA,34.57898712,20.3,80.57386704,4.401508953814136,4.401508953814136,93.2,95,94.5,34.36709595,19.8,NA,9.32,9.5,9.45,34.36709595,1.98,NA,-0.6668370230805465,74.92902708823479,5.644839951765206,3.184323407427115,8.028125000875534,6.919912168681719,69.67480510319442,10.89906193680558,13.360972493140721,86
BHS,2022,Americas,AMR,80.06992971,99.2,NA,91.9,NA,NA,18.3,80.06992971,4.395312111970746,4.395312111970746,99,NA,NA,NA,17.9,NA,9.9,NA,NA,NA,1.7899999999999998,NA,-0.8568370230805467,74.45996177885597,5.609967931144027,3.1646516731570387,7.978529805445405,6.919912168681741,69.23819870123836,10.831731008761636,13.360972493140743,87
PRY,2022,Americas,AMR,77.71228479,97.6,NA,80.7,NA,NA,22.4,77.71228479,4.365799239683761,4.365799239683761,97.6,91,79.6,NA,21.8,NA,9.76,9.1,7.959999999999999,NA,2.18,NA,-0.4668370230805463,72.26546381656932,5.446820973430675,3.072618474565701,7.7465012304587475,6.919912168681785,67.19555807048548,10.516726719514523,13.360972493140766,88
ARG,2021,Americas,AMR,76.48617561,97.8,NA,72.8,NA,27.79832268,22.4,76.48617561,4.350099541222028,4.350099541222028,99.5,99,90.4,31.30864525,22,NA,9.95,9.9,9.040000000000001,31.30864525,2.2,NA,-0.4468370230805463,71.12420031491747,5.36197529508253,3.0247559874284917,7.625833201359015,6.919912168681785,66.13326900076115,10.352906609238858,13.360972493140777,89
IRQ,2018,Eastern Mediterranean,EMR,75.57648254,86.6,96,67.9,NA,NA,26.1,75.57648254,4.338290013158261,4.338290013158261,NA,NA,NA,NA,26.1,NA,NA,NA,NA,NA,2.6100000000000003,NA,-0.03683702308054615,70.27745720636608,5.299025333633921,2.9892451425771895,7.536305391247879,6.919912168681752,65.34511977161587,10.23136276838413,13.360972493140755,90
DZA,2019,Africa,AFR,73.17388753,98.6,99,69.8,NA,11,30.1,73.17388753,4.306412168154068,4.306412168154068,NA,NA,NA,9.100000381,30,NA,NA,NA,NA,9.100000381,3,NA,0.35316297691945353,68.04111966082719,5.13276786917281,2.8954572690029607,7.299853035038012,6.919912168681785,63.26353482002354,9.910352709976465,13.360972493140766,91
TON,2019,Western Pacific,WPR,72.69656677,97.6,98,88.5,NA,NA,18.9,72.69656677,4.2999562142567695,4.2999562142567695,NA,NA,NA,NA,18.7,NA,NA,NA,NA,NA,1.8699999999999999,NA,-0.7768370230805466,67.5968290781821,5.099737691817907,2.876824541095445,7.252877320071363,6.919912168681764,62.849988755471195,9.84657801452881,13.360972493140755,92
PRK,2017,South-East Asia,SEAR,70.07959884,92.2,100,93.7,NA,NA,27.4,70.07959884,4.26380035948887,4.26380035948887,NA,NA,NA,NA,27.5,NA,NA,NA,NA,NA,2.75,NA,0.10316297691945353,65.16095303042064,4.91864580957936,2.7746683906226792,6.995327366542497,6.919912168681785,60.58267319075279,9.49692564924721,13.360972493140777,93
FJI,2021,Western Pacific,WPR,67.87552022,99.7,100,88.7,NA,NA,28.9,67.87552022,4.232300820548002,4.232300820548002,NA,NA,NA,NA,28.6,NA,NA,NA,NA,NA,2.8600000000000003,NA,0.21316297691945385,63.109394715053355,4.766125504946643,2.6886298172884437,6.778412080861081,6.919912168681752,58.673080908898214,9.202439311101784,13.360972493140732,94
NIC,2022,Americas,AMR,61.13117892,96.3,NA,91.9,NA,81.49492645,NA,61.13117892,4.129247938947888,4.129247938947888,96.1,NA,94,82.67100525,NA,NA,9.61,NA,9.4,82.67100525,NA,NA,NA,56.83175590936946,4.299423010630541,2.4253572197207163,6.114665013697881,6.919912168681797,52.829849194834715,8.301329725165289,13.360972493140789,95
PAN,2021,Americas,AMR,59.22772443,91.5,93,NA,NA,52.74428177,24,59.22772443,4.098132785003694,4.098132785003694,92.4,95,88.2,61.5276413,23.7,NA,9.24,9.5,8.82,61.5276413,2.37,NA,-0.27683702308054636,55.06001879824833,4.167705631751673,2.3510538317924414,5.927335772928778,6.919912168681741,51.1807147356631,8.0470096943369,13.360972493140732,96
KGZ,2020,Europe,EUR,55.14403535,100,100,NA,NA,32.01736069,32.7,55.14403535,4.02792044847161,4.02792044847161,NA,NA,NA,36.47497177,32.8,NA,NA,NA,NA,36.47497177,3.28,NA,0.6331629769194533,51.25891741582638,3.8851179341736213,2.191642647819492,5.525437866300507,6.91991216868173,47.64264623034728,7.501389119652721,13.360972493140755,97
BTN,2019,South-East Asia,SEAR,52.33696985,94.5,96,NA,NA,7.917905331,31,52.33696985,3.9766297089287472,3.9766297089287472,NA,96,NA,NA,30.5,NA,NA,9.6,NA,NA,3.05,NA,0.40316297691945335,48.646098382943755,3.6908714670562475,2.082065834776543,5.2491793838064,6.919912168681719,45.21063197966673,7.126337870333273,13.360972493140743,98
VNM,2021,Western Pacific,WPR,52.23592509,96.3,96,88.2,NA,NA,19.7,52.23592509,3.9747334520928064,3.9747334520928064,NA,NA,NA,29,19.5,NA,NA,NA,NA,29,1.95,NA,-0.6968370230805465,48.552045831586796,3.6838792584132065,2.0781214441752383,5.239235023027668,6.919912168681741,45.12308778225608,7.1128373077439235,13.360972493140766,99
VCT,2016,Americas,AMR,52.05484105,98.6,99,NA,NA,52.22997665,16.8,52.05484105,3.971326115373464,3.971326115373464,98.7,99,NA,54.56410217,16.7,NA,9.870000000000001,9.9,NA,54.56410217,1.67,NA,-0.9768370230805465,48.3834926481063,3.6713484018937024,2.0710526344178106,5.2214135642500565,6.91991216868173,44.96619833102994,7.088642718970057,13.360972493140766,100
TTO,2017,Americas,AMR,51.24100883,100,100,100,NA,NA,19.4,51.24100883,3.955867796228879,3.955867796228879,100,100,100,NA,19.1,NA,10,10,10,NA,1.9100000000000001,NA,-0.7368370230805463,47.62597690293073,3.6150319270692677,2.0392838206800263,5.141319938325751,6.91991216868173,44.261102010084464,6.979906819915534,13.360972493140755,101
HND,2019,Americas,AMR,51.12075399,92,94,88.3,NA,NA,16.1,51.12075399,3.953563218575644,3.953563218575644,NA,NA,NA,97.05464172,15.7,NA,NA,NA,NA,97.05464172,1.5699999999999998,NA,-1.0768370230805466,47.514043592237314,3.606710397762683,2.0345895439985,5.12948500978171,6.919912168681741,44.15691438617853,6.963839603821469,13.360972493140766,102
LCA,2022,Americas,AMR,47.5165298,99,NA,90,NA,NA,19.3,47.5165298,3.8819045604958404,3.8819045604958404,99,100,90,NA,18.8,NA,9.9,10,9,NA,1.8800000000000001,NA,-0.7668370230805464,44.159228550547716,3.3573012494522843,1.8938947863476727,4.774773833538063,6.919912168681696,41.034249598795576,6.482280201204425,13.360972493140732,103
GRD,2018,Americas,AMR,46.42027041,99.8,100,73,NA,31.42753792,19,46.42027041,3.859049783067226,3.859049783067226,98.9,100,67,28.95841599,18.9,NA,9.89,10,6.7,28.95841599,1.89,NA,-0.7568370230805466,43.13882934747664,3.2814410625233634,1.851101125058122,4.6668850238536095,6.919912168681708,40.084461124346944,6.335809285653056,13.360972493140732,104
MNG,2018,Western Pacific,WPR,44.58726919,98.4,99,88.5,NA,30.73015022,18.7,44.58726919,3.8196284931112876,3.8196284931112876,NA,NA,NA,30.08319473,18.9,NA,NA,NA,NA,30.08319473,1.89,NA,-0.7568370230805466,41.43267020195149,3.1545989880485124,1.7795479561023697,4.4864894700459175,6.919912168681741,38.496366693150065,6.090902496849935,13.360972493140766,105
DMA,2022,Americas,AMR,43.89311163,99,NA,90,NA,NA,21.4,43.89311163,3.8042843671658813,3.8042843671658813,100,NA,83,NA,20.8,NA,10,NA,8.3,NA,2.08,NA,-0.5668370230805464,40.78654773541575,3.106563894584248,1.7524507710974362,4.41817367401714,6.919912168681741,37.89495533380072,5.9981562961992765,13.360972493140766,106
MEX,2016,Americas,AMR,43.15521771,93,98,89.5,NA,62.24319458,10.9,43.15521771,3.787711101494048,3.787711101494048,96.9,98,94.3,65.44026184,10.6,NA,9.690000000000001,9.8,9.43,65.44026184,1.06,NA,-1.5868370230805464,40.09971542657781,3.055502283422193,1.7236462903621685,4.345553546492205,6.919912168681708,37.2556512174805,5.899566492519504,13.360972493140732,107
CPV,2018,Africa,AFR,42.75494831,97,97,85.6,NA,65.47129822,40.6,42.75494831,3.778604710636394,3.778604710636394,NA,92,NA,69.92987823,40.9,NA,NA,9.2,NA,69.92987823,4.09,NA,1.4431629769194534,39.72714431749591,3.02780399250409,1.7080213449483281,4.306160872173493,6.91991216868173,36.90886170191295,5.846086608087056,13.360972493140755,108
EGY,2021,Eastern Mediterranean,EMR,41.68881487,94.7,97,89.9,NA,NA,31,41.68881487,3.753936939082106,3.753936939082106,NA,NA,NA,50,30.4,NA,NA,NA,NA,50,3.04,NA,0.39316297691945357,38.73478637514486,2.9540284948551445,1.6664036824343214,4.2012369199997295,6.91991216868173,35.98517405757152,5.703640812428482,13.360972493140755,109
MDV,2017,South-East Asia,SEAR,41.14869859,94.5,100,81.6,NA,8.574843407,44,41.14869859,3.741203808289113,3.741203808289113,NA,NA,NA,9.762294769,44,NA,NA,NA,NA,9.762294769,4.4,NA,1.7531629769194539,38.23204566732961,2.9166529226703943,1.6453196640403718,4.148081158624315,6.91991216868173,35.5172225651733,5.6314760248267035,13.360972493140755,110
CUB,2022,Americas,AMR,40.95331403,99.8,NA,NA,NA,48.60037994,21.5,40.95331403,3.736557429316159,3.736557429316159,99.9,100,NA,47.51324081,20.9,NA,9.99,10,NA,47.51324081,2.09,NA,-0.5568370230805466,38.05018154727277,2.90313248272723,1.6376926181440226,4.128852308407474,6.91991216868173,35.34794328249073,5.605370747509269,13.360972493140777,111
BRN,2017,Western Pacific,WPR,39.32674345,100,100,NA,NA,9.572537422,15.5,39.32674345,3.6970148580425706,3.6970148580425706,100,100,100,9.907337189,15.4,NA,10,10,10,9.907337189,1.54,NA,-1.1068370230805464,36.5361682227704,2.7905752272296027,1.5741976906669706,3.9687727092316223,6.919912168681708,33.938698350266066,5.388045099733937,13.360972493140743,112
SLV,2022,Americas,AMR,38.76226035,99,NA,NA,NA,NA,13.6,38.76226035,3.6829182300215764,3.6829182300215764,94.8,98,87.2,NA,12.9,NA,9.48,9.8,8.72,NA,1.29,NA,-1.3568370230805464,36.01074685749744,2.7515134925025606,1.5521624873150799,3.91321887744553,6.91991216868173,33.44963568198549,5.312624668014507,13.360972493140743,113
BRB,2022,Americas,AMR,37.93932693,98.2,NA,99,NA,NA,19.5,37.93932693,3.662004714997546,3.662004714997546,99.3,NA,100,NA,19.1,NA,9.93,NA,10,NA,1.9100000000000001,NA,-0.7368370230805463,35.244759707368175,2.694567222631825,1.5200383984720744,3.8322295532552317,6.919912168681708,32.73665416986856,5.202672760131442,13.360972493140732,114
TUN,2018,Eastern Mediterranean,EMR,37.54945739,99.7,100,84.1,NA,6.448629379,26.5,37.54945739,3.6519420244238967,3.6519420244238967,NA,NA,NA,7.018857956,26.4,NA,NA,NA,NA,7.018857956,2.6399999999999997,NA,-0.006837023080546789,34.881868797108616,2.6675885928913843,1.5048194227496623,3.793860385349795,6.919912168681719,32.39887499186709,5.1505823981329115,13.360972493140743,115
JOR,2018,Eastern Mediterranean,EMR,36.2183167,98.1,100,91.6,NA,NA,31.3,36.2183167,3.616801024506277,3.616801024506277,NA,NA,NA,NA,31,NA,NA,NA,NA,NA,3.1,NA,0.4531629769194536,33.6428418736982,2.5754748263018,1.4528569179481323,3.662855637863302,6.919912168681719,31.245587643302997,4.9727290566970055,13.360972493140732,116
ATG,2022,Americas,AMR,36.01889112,99,NA,75,NA,NA,19.8,36.01889112,3.6114283531581073,3.6114283531581073,99,NA,NA,NA,19.4,NA,9.9,NA,NA,NA,1.94,NA,-0.7068370230805465,33.45721636867608,2.5616747513239204,1.4450721265011168,3.6432290890345413,6.91991216868173,31.07280726019107,4.94608385980893,13.360972493140766,117
LVA,2022,Europe,EUR,29.28922144,98.1,98,NA,NA,8.739999771,21,29.28922144,3.4107919211762856,3.4107919211762856,98.1,98,NA,9.840000153,20.7,NA,9.809999999999999,9.8,NA,9.840000153,2.07,NA,-0.5768370230805466,27.19323391977449,2.09598752022551,1.1823722513588777,2.9809259352665443,6.919912168681708,25.242286895015113,4.046934544984886,13.360972493140732,118
AZE,2011,Europe,EUR,27.49895767,93.1,97,66.1,NA,56.70000076,35.8,27.49895767,3.349867513623341,3.349867513623341,NA,99,NA,48.56999969,36.1,NA,NA,9.9,NA,48.56999969,3.6100000000000003,NA,0.9631629769194539,25.52685483024622,1.9721028397537808,1.11248738461002,2.804736404824755,6.919912168681719,23.691219774879475,3.8077378951205247,13.360972493140743,119
CRI,2022,Americas,AMR,27.41604073,98.89,NA,94.1,NA,26.84659958,13,27.41604073,3.3469538001561423,3.3469538001561423,98.6,99,94.6,27.24500656,12.4,NA,9.86,9.9,9.459999999999999,27.24500656,1.24,NA,-1.4068370230805465,25.449675669667176,1.9663650603328229,1.1092506329088323,2.796576100757232,6.919912168681719,23.61938134442503,3.7966593855749693,13.360972493140743,120
UZB,2022,Europe,EUR,27.40176666,99.1,99,89.5,NA,36.92820358,29.9,27.40176666,3.3464513495704544,3.3464513495704544,NA,NA,NA,35.19133377,29.7,NA,NA,NA,NA,35.19133377,2.9699999999999998,NA,0.3231629769194533,25.436389352774068,1.965377307225932,1.1086934292740267,2.795171312405408,6.91991216868173,23.607014428991377,3.794752231008623,13.360972493140755,121
IRN,2010,Eastern Mediterranean,EMR,27.2387787,95.3,96,NA,45.55,NA,20.9,27.2387787,3.3406961645227167,3.3406961645227167,NA,98,NA,NA,20.9,NA,NA,9.8,NA,NA,2.09,NA,-0.5568370230805466,25.284680016451595,1.9540986835484055,1.102331019411782,2.7791307866341377,6.91991216868173,23.465803245494108,3.772975454505893,13.360972493140766,122
ARM,2016,Europe,EUR,24.5908302,99.3,100,96,18,24.02000046,18,24.5908302,3.2422340920057526,3.2422340920057526,NA,NA,NA,24.32999992,18.1,NA,NA,NA,NA,24.32999992,1.81,NA,-0.8368370230805464,22.819967226923527,1.770862973076472,0.998965509154953,2.518531867822823,6.919912168681708,21.171646416211647,3.419183783788352,13.360972493140732,123
GEO,2018,Europe,EUR,24.35444787,99.4,100,81.1,NA,31.950000760000002,29.3,24.35444787,3.2329541730288134,3.2329541730288134,NA,100,76.3,36.18999863,29.3,NA,NA,10,7.63,36.18999863,2.93,NA,0.2831629769194537,22.599942346541805,1.7545055234581959,0.9897380713267161,2.4952682055483955,6.91991216868173,20.96684706430159,3.387600805698412,13.360972493140755,124
CHN,2018,Western Pacific,WPR,21.95719093,99.9,NA,NA,NA,10.01000023,15,21.95719093,3.1336312177120966,3.1336312177120966,99.9,NA,NA,8.489999771,15.1,NA,9.99,NA,NA,8.489999771,1.51,NA,-1.1368370230805465,20.36857348124743,1.5886174487525686,0.896158575041273,2.2593411976489257,6.91991216868173,18.889886964644894,3.067303965355105,13.360972493140755,125
LKA,2016,South-East Asia,SEAR,21.60077536,99.5,100,NA,NA,NA,24.3,21.60077536,3.117984213654337,3.117984213654337,NA,NA,NA,16.22118568,24.7,NA,NA,NA,NA,16.22118568,2.4699999999999998,NA,-0.17683702308054672,20.03682155564694,1.5639538043530585,0.882245510925209,2.224264415683745,6.919912168681719,18.581091980913868,3.019683379086132,13.360972493140743,126
TUR,2022,Europe,EUR,21.20924148,97.3,NA,96.4,NA,12.22000027,29,21.20924148,3.1005084851394358,3.1005084851394358,97.5,NA,96.1,13,28.7,NA,9.75,NA,9.61,13,2.87,NA,0.22316297691945364,19.67238147625357,1.5368600037464297,0.8669615659054983,2.18573145108644,6.91991216868173,18.241870834921993,2.967370645078006,13.360972493140755,127
USA,2022,Americas,AMR,20.03667574,98.5,NA,95.2,NA,13.5,14.2,20.03667574,3.046267378238356,3.046267378238356,98.6,99,95.4,NA,13.5,NA,9.86,9.9,9.540000000000001,NA,1.35,NA,-1.2968370230805464,18.58095625558163,1.4557194844183705,0.8211892043868438,2.0703329212135237,6.919912168681696,17.22597128090739,2.8107044590926087,13.360972493140732,128
URY,2022,Americas,AMR,19.75276136,99,NA,97.2,NA,23.128795620000002,23.7,19.75276136,3.0326793154130316,3.0326793154130316,99,100,97.1,27.0933857,23.2,NA,9.9,10,9.709999999999999,27.0933857,2.32,NA,-0.32683702308054663,18.31668850131188,1.4360728586881208,0.8101063019973402,2.042391373081845,6.91991216868173,16.979990623123257,2.772770736876744,13.360972493140755,129
UKR,2012,Europe,EUR,19.73935004,98.9,99,87.2,12.1,28.47999954,13,19.73935004,3.0320328638339467,3.0320328638339467,NA,100,NA,27.94000053,12.6,NA,NA,10,NA,27.94000053,1.26,NA,-1.3868370230805465,18.30420523287654,1.4351448071234607,0.8095827767342882,2.0410714926189755,6.919912168681741,16.96837118589942,2.77097885410058,13.360972493140777,130
RUS,2011,Europe,EUR,19.49918745,98.7,100,78.3,13,26.60000038,19.9,19.49918745,3.0203852487734464,3.0203852487734464,NA,100,NA,27.48999977,19.9,NA,NA,10,NA,27.48999977,1.9899999999999998,NA,-0.6568370230805467,18.08066168316657,1.4185257668334295,0.8002077724017056,2.0174357945331067,6.919912168681741,16.76029665348814,2.7388907965118605,13.360972493140743,131
SYR,2009,Eastern Mediterranean,EMR,19.29470136,78.2,96,63.7,26,NA,29.6,19.29470136,3.0103598352281726,3.0103598352281726,NA,NA,NA,NA,29.9,NA,NA,NA,NA,NA,2.9899999999999998,NA,0.3431629769194533,17.890325850991744,1.4043755090082577,0.7922254385182228,1.9973112135731874,6.91991216868173,16.583131893725337,2.711569466274664,13.360972493140766,132
MDA,2012,Europe,EUR,18.60262928,98.9,99,95.4,NA,27.65841293,24.8,18.60262928,2.975663704178351,2.975663704178351,NA,99,NA,28.36151314,25,NA,NA,9.9,NA,28.36151314,2.5,NA,-0.14683702308054647,17.246144551071716,1.356484728928283,0.7652096624622615,1.929200660899106,6.919912168681708,15.983527373966847,2.6191019060331513,13.360972493140732,133
LBN,2004,Eastern Mediterranean,EMR,18.2102946,96.7,98,NA,NA,NA,27.9,18.2102946,2.9554463124254973,2.9554463124254973,NA,NA,NA,16.66597176,27.8,NA,NA,NA,NA,16.66597176,2.7800000000000002,NA,0.13316297691945378,16.880959086334993,1.3293355136650078,0.7498944573555022,1.8905888852470625,6.919912168681719,15.643612422642697,2.566682177357304,13.360972493140755,134
PSE,2019,Eastern Mediterranean,EMR,17.69429976,99.4,NA,NA,NA,NA,24,17.69429976,2.928218651723304,2.928218651723304,NA,NA,NA,42.83827591,23.9,NA,NA,NA,NA,42.83827591,2.3899999999999997,NA,-0.2568370230805468,16.400670636057917,1.2936291239420825,0.7297520452479844,1.8398070451107422,6.919912168681741,15.19655951128112,2.4977402487188805,13.360972493140766,135
TJK,2017,Europe,EUR,16.91689772,88.2,95,64.2,NA,28.12670898,35.9,16.91689772,2.88574427425651,2.88574427425651,NA,98,NA,54,35.8,NA,NA,9.8,NA,54,3.5799999999999996,NA,0.9331629769194532,15.677064134423464,1.2398335855765374,0.6994053226665997,1.7632987100333395,6.919912168681719,14.523025944006639,2.3938717759933628,13.360972493140755,136
PRT,2022,Europe,EUR,16.1946788,97.3,97,NA,NA,6.090000153,14.4,16.1946788,2.844599963860966,2.844599963860966,97.6,98,NA,5.730000019,13.8,NA,9.76,9.8,NA,5.730000019,1.3800000000000001,NA,-1.2668370230805464,15.004822129353066,1.1898566706469325,0.6712127323715329,1.692221243950792,6.919912168681696,13.897302495248097,2.297376304751902,13.360972493140743,137
ROU,2020,Europe,EUR,15.80411574,99.9117987,93,NA,NA,34.97999954,22.6,15.80411574,2.8216238409292145,2.8216238409292145,99.8940371,92,NA,35.88000107,22.2,NA,9.989403710000001,9.2,NA,35.88000107,2.2199999999999998,NA,-0.4268370230805467,14.64128569006838,1.162830049931621,0.6559666843519594,1.6537838229950506,6.91991216868173,13.558922458263064,2.2451932817369364,13.360972493140755,138
OMN,2014,Eastern Mediterranean,EMR,14.81022477,99.2,99,71.3,NA,14.100000380000001,33.6,14.81022477,2.7606568680716173,2.7606568680716173,NA,99,79.2,14.899999619999999,33.7,NA,NA,9.9,7.92,14.899999619999999,3.37,NA,0.7231629769194536,13.716171102244836,1.0940536677551638,0.6171690841517705,1.5559696426217116,6.91991216868173,12.697824987376572,2.1123997826234273,13.360972493140766,139
CAN,2022,Americas,AMR,14.63701438,97.8,NA,NA,NA,4.509175777,13.2,14.63701438,2.749640820474687,2.749640820474687,97.6,98,NA,4.866079807,12.5,NA,9.76,9.8,NA,4.866079807,1.25,NA,-1.3968370230805465,13.554946719099872,1.0820676609001278,0.6104076307684654,1.5389230722821097,6.919912168681708,12.54775718993974,2.089257190060261,13.360972493140732,140
CHL,2021,Americas,AMR,14.38931307,99.6,NA,NA,NA,11.79072094,14,14.38931307,2.733673312026814,2.733673312026814,99.7,100,NA,15.47243977,13.3,NA,9.97,10,NA,15.47243977,1.33,NA,-1.3168370230805464,13.324386122192546,1.0649269478074537,0.6007383444135996,1.5145454480291658,6.919912168681708,12.333151183833989,2.056161886166011,13.360972493140732,141
SRB,2022,Europe,EUR,14.35143204,99.8,NA,NA,NA,13.899999619999999,24.2,14.35143204,2.731208762189874,2.731208762189874,99.8,NA,NA,13.42000008,23.6,NA,9.98,NA,NA,13.42000008,2.3600000000000003,NA,-0.28683702308054615,13.289126426197134,1.0623056138028666,0.5992596177710716,1.5108173711947988,6.91991216868173,12.300331427832402,2.0511006121675983,13.360972493140766,142
LUX,2016,Europe,EUR,13.37579471,99.7,NA,99,NA,4.909999847,12.5,13.37579471,2.6655458693292133,2.6655458693292133,99.8,NA,98.3,5.6300001140000004,12.2,NA,9.98,NA,9.83,5.6300001140000004,1.22,NA,-1.4268370230805465,12.381002342518004,0.9947923674819954,0.5611745679896849,1.4147996301586918,6.919912168681741,11.455048733126514,1.9207459768734854,13.360972493140766,143
CYP,2019,Europe,EUR,13.13984766,99.3,100,NA,NA,6.679999828,14.2,13.13984766,2.6489968867187352,2.6489968867187352,98.3,100,NA,7.7899999619999996,13.8,NA,9.83,10,NA,7.7899999619999996,1.3800000000000001,NA,-1.2668370230805464,12.161382621142604,0.9784650388573954,0.5519641217831772,1.3915788061408811,6.919912168681708,11.250626503575395,1.889221156424604,13.360972493140732,144
BIH,2022,Europe,EUR,11.79462187,99.9,NA,NA,NA,8.515681267,25.3,11.79462187,2.549024916224684,2.549024916224684,99.9,100,NA,9.336762428,24.7,NA,9.99,10,NA,9.336762428,2.4699999999999998,NA,-0.17683702308054672,10.909245274281057,0.8853765957189434,0.4994517899935005,1.2591878678612751,6.91991216868173,10.08513596134793,1.70948590865207,13.360972493140743,145
ISL,2020,Europe,EUR,11.75091019,97.1,97,NA,NA,4.75,13.1,11.75091019,2.545602656507453,2.545602656507453,98.3,98,NA,4.389999866,12.7,NA,9.83,9.8,NA,4.389999866,1.27,NA,-1.3768370230805465,10.868558404144515,0.8823517858554855,0.4977454576734459,1.254885965257266,6.919912168681708,10.047264586889023,1.703645603110978,13.360972493140721,146
KAZ,2018,Europe,EUR,11.33807293,99.9,100,NA,NA,24.28000069,29.3,11.33807293,2.512689841776623,2.512689841776623,99.9,100,NA,25,29.2,NA,9.99,10,NA,25,2.92,NA,0.27316297691945346,10.484289119936104,0.853783810063895,0.48162991236245567,1.2142564199315107,6.919912168681719,9.689586399639055,1.6484865303609446,13.360972493140743,147
PRI,2020,Americas,AMR,10.50316423,98.9,NA,97.8,NA,15.26440525,NA,10.50316423,2.4426221479570485,2.4426221479570485,99.2,NA,99.1,18.80818558,NA,NA,9.92,NA,9.91,18.80818558,NA,NA,NA,9.707155368664788,0.7960088613352116,0.4490383556182955,1.1320885437337083,6.919912168681708,8.966229621388896,1.5369346086111033,13.360972493140732,148
MLT,2022,Europe,EUR,9.815159301,99.7,100,NA,NA,10.06999969,15.1,9.815159301,2.380948788931309,2.380948788931309,99.7,100,93.8,10.31000042,14.5,NA,9.97,10,9.379999999999999,10.31000042,1.45,NA,-1.1968370230805465,9.066759776467789,0.7483995245322106,0.4221813451646206,1.0643782613644515,6.919912168681708,8.370148841704038,1.4450104592959612,13.360972493140732,149
LTU,2021,Europe,EUR,9.30984075,99.8,100,NA,NA,6.639999866,22.5,9.30984075,2.333098851740807,2.333098851740807,NA,100,NA,7.570000172,22,NA,NA,10,NA,7.570000172,2.2,NA,-0.4468370230805463,8.596408825369041,0.7134319246309584,0.402455693451099,1.0146471325128577,6.919912168681741,7.932345763305882,1.377494986694117,13.360972493140766,150
FRA,2022,Europe,EUR,8.704690658,97.6,NA,NA,NA,6.309999943,12.4,8.704690658,2.2726093416152895,2.2726093416152895,97.3,97,NA,6.360000134,11.6,NA,9.73,9.7,NA,6.360000134,1.16,NA,-1.4868370230805465,8.03313458822414,0.6715560697758605,0.3788330104413866,0.9550910423193493,6.919912168681719,7.408049608640221,1.2966410493597795,13.360972493140743,151
FIN,2022,Europe,EUR,8.351348449,99.9,NA,NA,NA,3.2699999809999998,13,8.351348449,2.2355205520463994,2.2355205520463994,NA,100,98.4,3.700000048,12.4,NA,NA,10,9.84,3.700000048,1.24,NA,-1.4068370230805465,7.704243349741818,0.6471050992581819,0.36503991826887905,0.9203167264156242,6.919912168681741,7.101917354991365,1.249431094008635,13.360972493140755,152
SAU,2019,Eastern Mediterranean,EMR,7.850660616,98.7,95,79.9,NA,NA,17.6,7.850660616,2.1804921021096795,2.1804921021096795,NA,99,NA,NA,17.8,NA,NA,9.9,NA,NA,1.78,NA,-0.8668370230805464,7.238202675024695,0.6124579409753048,0.3454950316000387,0.8710413315422825,6.919912168681719,6.668126285634997,1.1825343303650024,13.360972493140755,153
KWT,2022,Eastern Mediterranean,EMR,7.726598107,99.2,99,NA,NA,1.862936616,27.4,7.726598107,2.166375615442065,2.166375615442065,99.9,100,NA,1.867091179,27.2,NA,9.99,10,NA,1.867091179,2.7199999999999998,NA,0.07316297691945328,7.122725182681759,0.6038729243182415,0.3406521184744511,0.8588316697190184,6.91991216868173,6.560639734336788,1.1659583726632121,13.360972493140766,154
SGP,2018,Western Pacific,WPR,7.712650062,99.5,100,97.1,NA,2.167298317,14.3,7.712650062,2.164775999697282,2.164775999697282,99.6,100,96.8,2.265289783,14,NA,9.959999999999999,10,9.68,2.265289783,1.4,NA,-1.2468370230805466,7.109742330145005,0.6029077318549945,0.34010764157525664,0.8574589672489621,6.91991216868173,6.548555283792569,1.1640947782074305,13.360972493140755,155
NZL,2021,Western Pacific,WPR,7.58434459,95.8,96,NA,NA,10.29933834,11.5,7.58434459,2.1499401478125186,2.1499401478125186,94.5,95,81.1,12.1839838,11.1,NA,9.45,9.5,8.11,12.1839838,1.1099999999999999,NA,-1.5368370230805466,6.990315484115019,0.5940291058849807,0.3350990998373691,0.8448317325120414,6.91991216868173,6.437392670613684,1.146951919386316,13.360972493140755,156
AUT,2022,Europe,EUR,7.450681009,98.1,98,NA,NA,3.920000076,16.1,7.450681009,2.1342470309027237,2.1342470309027237,98,98,NA,4.150000095,15.5,NA,9.8,9.8,NA,4.150000095,1.55,NA,-1.0968370230805464,6.865901305521732,0.5847797034782678,0.32988139856681364,0.8316771773184488,6.919912168681741,6.321587843904438,1.1290931650955622,13.360972493140789,157
ALB,2018,Europe,EUR,7.376224284,98.6,100,77.8,NA,14.27000046,22.3,7.376224284,2.1253972501915914,2.1253972501915914,NA,NA,NA,15.98999977,21.9,NA,NA,NA,NA,15.98999977,2.19,NA,-0.4568370230805465,6.796596920495409,0.5796273635045912,0.3269749004337603,0.8243494887198111,6.91991216868173,6.257079261450981,1.1191450225490192,13.360972493140777,158
ITA,2021,Europe,EUR,7.360800902,99.4,99,91,NA,2.880000114,15.1,7.360800902,2.123554224182564,2.123554224182564,99.8,100,89.4,3.2699999809999998,14.5,NA,9.98,10,8.940000000000001,3.2699999809999998,1.45,NA,-1.1968370230805465,6.78224082298325,0.57856007901675,0.32637283217211444,0.822831590364304,6.919912168681741,6.243716593277514,1.117084308722486,13.360972493140789,159
EST,2022,Europe,EUR,7.244524408,99.1,99,96.9,NA,5.110000134,24,7.244524408,2.1095492718736377,2.1095492718736377,99,99,96.7,5.659999847,23.5,NA,9.9,9.9,9.67,5.659999847,2.35,NA,-0.2968370230805464,6.674010560240875,0.5705138477591252,0.32183385449441904,0.8113881923452055,6.919912168681708,6.142975769656845,1.1015486383431554,13.360972493140755,160
QAT,2021,Eastern Mediterranean,EMR,7.089849514,99.9,100,NA,NA,4.431146145,23.8,7.089849514,2.090610129414078,2.090610129414078,NA,100,NA,7.195893288,24,NA,NA,10,NA,7.195893288,2.4,NA,-0.24683702308054656,6.530039033052676,0.5598104809473243,0.3157959540812394,0.7961658003146761,6.919912168681719,6.008966945697979,1.0808825683020213,13.360972493140766,161
BHR,2020,Eastern Mediterranean,EMR,6.941101405,99.7,98,NA,NA,7.168736935,38.3,6.941101405,2.0720519816338325,2.0720519816338325,99.5,100,99.1,8.595196724,38.3,NA,9.95,10,9.91,8.595196724,3.8299999999999996,NA,1.1831629769194532,6.39158416254805,0.5495172424519508,0.30998941207843345,0.7815266952185533,6.91991216868173,5.880093030625535,1.0610083743744658,13.360972493140777,162
MNE,2018,Europe,EUR,6.757597148,98.6,99,75.4,NA,9.699999809,22.5,6.757597148,2.0486726403686557,2.0486726403686557,NA,NA,NA,10.06000042,22.1,NA,NA,NA,NA,10.06000042,2.21,NA,-0.4368370230805465,6.220778238958242,0.5368189090417586,0.3028261265541472,0.7634670498094858,6.91991216868173,5.721106726927047,1.036490421072953,13.360972493140777,163
BGR,2018,Europe,EUR,6.687765252,91.2,93,NA,NA,43.54000092,23.1,6.687765252,2.039630136862579,2.039630136862579,92.2,94,NA,41.66999817,22.8,NA,9.22,9.4,NA,41.66999817,2.2800000000000002,NA,-0.3668370230805462,6.155778648827166,0.5319866031728342,0.30010016358234637,0.7565945156207947,6.919912168681741,5.660605051343046,1.0271602006569545,13.360972493140777,164
SVN,2012,Europe,EUR,6.175792522,99.8,100,NA,18.9,4.489999771,21.1,6.175792522,1.9707132115737416,1.9707132115737416,99.9,100,NA,5.159999847,20.9,NA,9.99,10,NA,5.159999847,2.09,NA,-0.5568370230805466,5.67923398207077,0.4965585399292305,0.2801147588533528,0.7062085130611253,6.919912168681719,5.217036856970728,0.9587556650292717,13.360972493140766,165
IRL,2020,Europe,EUR,5.589512374,99.6,100,NA,NA,4.909999847,12.8,5.589512374,1.8854793509359948,1.8854793509359948,99.7,100,NA,5.420000076,12.5,NA,9.97,10,NA,5.420000076,1.25,NA,-1.3968370230805465,5.133523905374786,0.4559884686252138,0.2572286843502196,0.6485095160113978,6.919912168681719,4.709089438277752,0.8804229357222475,13.360972493140777,166
DNK,2022,Europe,EUR,5.564974798,96.4,96,NA,NA,1.169999957,16.4,5.564974798,1.8817486689050453,1.8817486689050453,96.4,96,NA,1.309999943,15.7,NA,9.64,9.6,NA,1.309999943,1.5699999999999998,NA,-1.0768370230805466,5.11068430808231,0.45429048991768983,0.25627083374862814,0.6460946405801531,6.919912168681719,4.6878303210575964,0.8771444769424033,13.360972493140766,167
JPN,2022,Western Pacific,WPR,5.336611249,99.8,100,NA,NA,1.700000048,18.5,5.336611249,1.8463441222390145,1.8463441222390145,99.8,100,NA,1.96120441,18.3,NA,9.98,10,NA,1.96120441,1.83,NA,-0.8168370230805464,4.898123316098395,0.43848793290160515,0.24735641763878213,0.623620149869585,6.919912168681708,4.489978363023846,0.8466328859761534,13.360972493140766,168
KOR,2021,Western Pacific,WPR,5.202866463,100,100,NA,NA,0.428898215,14.7,5.202866463,1.8250115179501294,1.8250115179501294,NA,NA,NA,0.744045973,14.2,NA,NA,NA,NA,0.744045973,1.42,NA,-1.2268370230805465,4.7736335518197865,0.4292329111802138,0.2421355464439383,0.6104576028531872,6.919912168681708,4.374103181092317,0.8287632819076833,13.360972493140766,169
TKM,2019,Europe,EUR,5.117117165,100,100,97.6,NA,NA,33.8,5.117117165,1.8110909340740498,1.8110909340740498,NA,NA,NA,22.36426163,33.7,NA,NA,NA,NA,22.36426163,3.37,NA,0.7231629769194536,4.693818029926647,0.4232991350733526,0.23878823060983745,0.6020185511315894,6.919912168681708,4.299810823211158,0.817306341788842,13.360972493140766,170
DEU,2021,Europe,EUR,4.45640829,96.3,96,NA,NA,5.929999828,12.6,4.45640829,1.6967907509524396,1.6967907509524396,96.2,96,NA,6.510000229,12,NA,9.620000000000001,9.6,NA,6.510000229,1.2,NA,-1.4468370230805465,4.078829628767331,0.37757866123266837,0.21299675090561188,0.5369946209176781,6.919912168681719,3.7273790792596477,0.729029210740352,13.360972493140755,171
AUS,2021,Western Pacific,WPR,4.325178745,98.8,99,94.3,NA,6.931334972,9.7,4.325178745,1.6724462781682752,1.6724462781682752,96,99,94.2,7.775824547,9.2,NA,9.6,9.9,9.42,7.775824547,0.9199999999999999,NA,-1.7268370230805465,3.9566810530206915,0.36849769197930815,0.2078740648414028,0.5240796123579958,6.91991216868173,3.613683077669971,0.7114956673300288,13.360972493140766,172
MKD,2019,Europe,EUR,3.181011753,99.1,100,95.7,NA,15.57999992,19,3.181011753,1.430553263420465,1.430553263420465,99.9,100,NA,15.53999996,18.6,NA,9.99,10,NA,15.53999996,1.86,NA,-0.7868370230805464,2.8916894119301397,0.2893223410698602,0.16321027891539597,0.4114759567148507,6.91991216868173,2.6223879227466873,0.5586238302533126,13.360972493140766,173
CZE,2017,Europe,EUR,2.940018297,99.8,100,88.9,NA,11.81000042,21.9,2.940018297,1.371185367207689,1.371185367207689,NA,NA,86,11.75,21.7,NA,NA,NA,8.6,11.75,2.17,NA,-0.47683702308054654,2.667372491417611,0.27264580558238904,0.15380284083720275,0.3877584886167358,6.919912168681719,2.4135935361131167,0.5264247608868833,13.360972493140766,174
ARE,2018,Eastern Mediterranean,EMR,2.798113415,99.2,99,97.3,NA,3.353665829,28,2.798113415,1.3345044737135927,1.3345044737135927,NA,NA,NA,4.594747066,28.1,NA,NA,NA,NA,4.594747066,2.81,NA,0.16316297691945358,2.535287302615082,0.2628261123849178,0.14826343154134047,0.3737928624637932,6.919912168681719,2.2906485263635608,0.5074648886364392,13.360972493140766,175
NOR,2022,Europe,EUR,2.716168748,99.2,99,NA,NA,1.389999986,15.7,2.716168748,1.312693231115368,1.312693231115368,99.1,99,NA,1.690000057,15.2,NA,9.91,9.9,NA,1.690000057,1.52,NA,-1.1268370230805465,2.4590131345984005,0.2571556134015993,0.14506463355970345,0.36572824503541357,6.91991216868173,2.219652463781026,0.49651628421897387,13.360972493140777,176
POL,2022,Europe,EUR,1.665228866,99.6,100,NA,NA,6.059999943,22.7,2.055628473,1.1169852909424771,0.9802899323544821,99.6,100,NA,6.7899999619999996,22.1,NA,9.959999999999999,10,NA,6.7899999619999996,2.21,NA,-0.4368370230805465,1.4807973693784477,0.18443149662155234,0.10404006788096298,0.2622995729955764,6.919912168681741,1.3091283703344923,0.35610049566550783,13.360972493140777,177
BLR,2019,Europe,EUR,1.202704766,99.6,100,99.9,NA,NA,20.1,2.055628473,1.1169852909424771,0.7896860443138104,NA,NA,NA,11.649999619999999,19.8,NA,NA,NA,NA,11.649999619999999,1.98,NA,-0.6668370230805465,1.0502795308574338,0.15242523514256634,0.08598494346952679,0.216780077286286,6.91991216868173,0.9084019881096395,0.29430277789036063,13.360972493140766,178
